{
    "model":"knot.obj",
    "loadarea":[
        {
            "radius": 28.999991424285597,
            "bottomCenter": [-23.000000000000004, 75.999991424285639, 36.44504376783312], 
            "type": "cylinder",
            "heightVector": [46.0, 0.0, 0.0]
        }
    ],
    "fixedarea":[
        {"radius": 3.996949330390013, "bottomCenter": [21.406670501247941, 97.590273584536959, 0.0], "type": "cylinder", "heightVector": [0.0, 0.0, -12.5]},
        {"radius": 3.9969493197213097, "bottomCenter": [21.406670516996378, 54.409726357720515, 1.1102230246252192e-16], "type": "cylinder", "heightVector": [0.0, 0.0, -12.5]},
        {"radius": 3.9970736122769068, "bottomCenter": [-21.59027020290975, 97.590426716680994, 0.0], "type": "cylinder", "heightVector": [0.0, 0.0, -12.5]},
        {"radius": 3.9970671714545425, "bottomCenter": [-21.590275925644061, 54.409573887082885, 1.1102230246251622e-16], "type": "cylinder", "heightVector": [0.0, 0.0, -12.5]}
    ],
    "force":[
    ]
}
