{
    "model":"foot.obj",
    "loadarea":[
            {
                    "type": "halfspace",
                    "p1": [-112.59496471676502, 17.65484648821673, -5.5639061128136795],
                    "p2": [-112.59496471676502, 18.65484648821673, -5.5639061128136795],
                    "p3": [-111.59496471676502, 17.65484648821673, -5.5639061128136795]
            }    
    ],
    "force":[ ],
    "fixedarea":[
            {
                    "type": "halfspace",
                    "p1": [0.56711739212610757, 17.65484648821672, 29.5],
                    "p2": [1.5671173921261077, 17.65484648821672, 29.5],
                    "p3": [0.56711739212610757, 18.65484648821672, 29.5]
            }
    ]
}
