{
    "model":"modernchair0.obj",
    "force":[
        {
            "type":"const",
            "norm":1,
            "direction":[0,0,-1],
            "region": {
                "type":"sphere",
                "center":[3.851537, -1.598301, 1.866563],
                "radius":1.1
            }
        },
        {
            "type":"const",
            "norm":1,
            "direction":[0,1,0],
            "region":{
                "type":"box",
                "p":[2.916181, -0.144047, 4.253326],
                "q":[4.916181, -0.884047, 1.673326]
            }
        }
    ],
    "fixedarea":[
        {
            "type":"halfspace",
            "p1":[5.051655,-1.980942,0.320669],
            "p2":[4.051655,-1.980942,0.320669],
            "p3":[5.051655,-0.980942,0.320669]
        }
    ],
    "loadarea":[
        {
            "type":"box",
            "p":[2.916181, -0.144047, 4.253326],
            "q":[4.916181, -0.884047, 1.673326]
        },
        {
            "type":"sphere",
            "center":[3.851537, -1.598301, 1.866563],
            "radius":1.1
        }, 
        {
            "type":"halfspace",
            "p1":[5.051655,-1.980942,0.320669],
            "p2":[4.051655,-1.980942,0.320669],
            "p3":[5.051655,-0.980942,0.320669]
        }
    ]

}
